{"cameraMode":{"drawMode":0,"name":"Shaded","section":"Shading Mode"},"sceneLighting":false,"audioPlay":false,"sceneViewState":{"showFog":true,"showMaterialUpdate":false,"showSkybox":true,"showFlares":true,"showImageEffects":true,"showParticleSystems":true},"in2DMode":false,"pivot":{"x":0.4309232234954834,"y":1.4251632690429688,"z":0.09515833854675293},"rotation":{"x":-0.29405200481414797,"y":-0.5118690729141235,"z":0.1919819563627243,"w":-0.784006655216217},"size":4.041658401489258,"orthographic":false}