{"cameraMode":{"drawMode":0,"name":"Shaded","section":"Shading Mode"},"sceneLighting":false,"audioPlay":false,"sceneViewState":{"showFog":true,"showMaterialUpdate":false,"showSkybox":false,"showFlares":true,"showImageEffects":true,"showParticleSystems":true},"in2DMode":false,"pivot":{"x":0.00000476837158203125,"y":2.7878637313842775,"z":5.960464477539063e-7},"rotation":{"x":-0.19659146666526795,"y":0.3631797432899475,"z":-0.0786847397685051,"w":-0.9073466658592224},"size":11.545101165771485,"orthographic":false}