{"cameraMode":{"drawMode":0,"name":"Shaded","section":"Shading Mode"},"sceneLighting":false,"audioPlay":false,"sceneViewState":{"showFog":true,"showMaterialUpdate":false,"showSkybox":true,"showFlares":true,"showImageEffects":true,"showParticleSystems":true},"in2DMode":false,"pivot":{"x":-0.5928542613983154,"y":1.2131074666976929,"z":0.6703721880912781},"rotation":{"x":-0.2900782823562622,"y":0.01349291019141674,"z":-0.004091015551239252,"w":-0.9569013118743897},"size":3.638429641723633,"orthographic":false}