{"cameraMode":{"drawMode":0,"name":"Shaded","section":"Shading Mode"},"sceneLighting":false,"audioPlay":false,"sceneViewState":{"showFog":true,"showMaterialUpdate":false,"showSkybox":true,"showFlares":true,"showImageEffects":true,"showParticleSystems":true},"in2DMode":false,"pivot":{"x":-15.100000381469727,"y":0.9000099897384644,"z":17.920000076293947},"rotation":{"x":0.04058917984366417,"y":-0.9189646244049072,"z":0.379751592874527,"w":0.09821103513240814},"size":13.277486801147461,"orthographic":false}