{"cameraMode":{"drawMode":0,"name":"Shaded","section":"Shading Mode"},"sceneLighting":false,"audioPlay":false,"sceneViewState":{"showFog":true,"showMaterialUpdate":false,"showSkybox":false,"showFlares":true,"showImageEffects":true,"showParticleSystems":true},"in2DMode":false,"pivot":{"x":0.2883366644382477,"y":0.5689998865127564,"z":-0.2806146740913391},"rotation":{"x":-0.04198658466339111,"y":0.9482086896896362,"z":-0.2812427878379822,"w":-0.14155933260917664},"size":2.411231517791748,"orthographic":false}