{"cameraMode":{"drawMode":0,"name":"Shaded","section":"Shading Mode"},"sceneLighting":false,"audioPlay":false,"sceneViewState":{"showFog":true,"showMaterialUpdate":false,"showSkybox":true,"showFlares":true,"showImageEffects":true,"showParticleSystems":true},"in2DMode":false,"pivot":{"x":-0.058816395699977878,"y":0.9876992702484131,"z":0.44581127166748049},"rotation":{"x":-0.011407027021050454,"y":0.9635777473449707,"z":-0.2639189660549164,"w":-0.04164935648441315},"size":2.3091635704040529,"orthographic":false}