{"cameraMode":{"drawMode":0,"name":"Shaded","section":"Shading Mode"},"sceneLighting":false,"audioPlay":false,"sceneViewState":{"showFog":true,"showMaterialUpdate":false,"showSkybox":true,"showFlares":true,"showImageEffects":true,"showParticleSystems":true},"in2DMode":false,"pivot":{"x":-1.1920928955078126e-7,"y":0.8895276188850403,"z":8.06334114074707},"rotation":{"x":-0.0004832135164178908,"y":0.9837793111801148,"z":-0.17936187982559205,"w":-0.002652978291735053},"size":4.778054714202881,"orthographic":false}