{"cameraMode":{"drawMode":0,"name":"Shaded","section":"Shading Mode"},"sceneLighting":false,"audioPlay":false,"sceneViewState":{"showFog":true,"showMaterialUpdate":false,"showSkybox":false,"showFlares":true,"showImageEffects":true,"showParticleSystems":true},"in2DMode":false,"pivot":{"x":-2.9802322387695315e-8,"y":0.15952089428901673,"z":2.9802322387695315e-8},"rotation":{"x":-0.19659146666526795,"y":0.3631797432899475,"z":-0.0786847397685051,"w":-0.9073466658592224},"size":1.1460922956466675,"orthographic":false}