{"cameraMode":{"drawMode":0,"name":"Shaded","section":"Shading Mode"},"sceneLighting":true,"audioPlay":false,"sceneViewState":{"showFog":true,"showMaterialUpdate":false,"showSkybox":true,"showFlares":true,"showImageEffects":true,"showParticleSystems":true},"in2DMode":false,"pivot":{"x":-93.87088012695313,"y":-51.2967529296875,"z":94.47149658203125},"rotation":{"x":-0.19659146666526795,"y":0.3631797432899475,"z":-0.0786847397685051,"w":-0.9073466658592224},"size":160.22409057617188,"orthographic":false}