{"cameraMode":{"drawMode":0,"name":"Shaded","section":"Shading Mode"},"sceneLighting":false,"audioPlay":false,"sceneViewState":{"showFog":true,"showMaterialUpdate":false,"showSkybox":true,"showFlares":true,"showImageEffects":true,"showParticleSystems":true},"in2DMode":false,"pivot":{"x":2.384185791015625e-7,"y":0.8714234232902527,"z":-0.03748524188995361},"rotation":{"x":-0.3557143211364746,"y":-0.48344185948371889,"z":0.22395792603492738,"w":-0.7678503394126892},"size":4.755262851715088,"orthographic":false}