{"cameraMode":{"drawMode":0,"name":"Shaded","section":"Shading Mode"},"sceneLighting":false,"audioPlay":false,"sceneViewState":{"showFog":true,"showMaterialUpdate":false,"showSkybox":true,"showFlares":true,"showImageEffects":true,"showParticleSystems":true},"in2DMode":false,"pivot":{"x":1.1920928955078126e-7,"y":0.8999999761581421,"z":-0.012998268008232117},"rotation":{"x":0.23627667129039765,"y":-0.049845531582832339,"z":0.012135830707848072,"w":0.9703305959701538},"size":4.838706016540527,"orthographic":false}