{"cameraMode":{"drawMode":0,"name":"Shaded","section":"Shading Mode"},"sceneLighting":false,"audioPlay":false,"sceneViewState":{"showFog":true,"showMaterialUpdate":false,"showSkybox":true,"showFlares":true,"showImageEffects":true,"showParticleSystems":true},"in2DMode":false,"pivot":{"x":2.384185791015625e-7,"y":0.4819999635219574,"z":5.03000020980835},"rotation":{"x":-0.18441331386566163,"y":0.49019700288772585,"z":-0.10696414858102799,"w":-0.8451374769210815},"size":2.9546384811401369,"orthographic":false}