{"cameraMode":{"drawMode":0,"name":"Shaded","section":"Shading Mode"},"sceneLighting":false,"audioPlay":false,"sceneViewState":{"showFog":true,"showMaterialUpdate":false,"showSkybox":false,"showFlares":true,"showImageEffects":true,"showParticleSystems":true},"in2DMode":false,"pivot":{"x":0.0,"y":0.10000002384185791,"z":0.6000000238418579},"rotation":{"x":-0.02268298529088497,"y":0.9773815274238586,"z":-0.14657671749591828,"w":-0.15095528960227967},"size":3.4294610023498537,"orthographic":false}