{"cameraMode":{"drawMode":0,"name":"Shaded","section":"Shading Mode"},"sceneLighting":false,"audioPlay":false,"sceneViewState":{"showFog":true,"showMaterialUpdate":false,"showSkybox":false,"showFlares":true,"showImageEffects":true,"showParticleSystems":true},"in2DMode":false,"pivot":{"x":0.5787390470504761,"y":-0.4866408407688141,"z":0.5938705801963806},"rotation":{"x":-0.21028806269168855,"y":-0.6489585041999817,"z":0.19359660148620606,"w":-0.7051355838775635},"size":3.159022808074951,"orthographic":false}