{"cameraMode":{"drawMode":0,"name":"Shaded","section":"Shading Mode"},"sceneLighting":false,"audioPlay":false,"sceneViewState":{"showFog":true,"showMaterialUpdate":false,"showSkybox":true,"showFlares":true,"showImageEffects":true,"showParticleSystems":true},"in2DMode":false,"pivot":{"x":309.9871826171875,"y":359.95001220703127,"z":-1.9926844835281373},"rotation":{"x":-0.25904881954193118,"y":0.21343261003494264,"z":-0.05880522355437279,"w":-0.9401501417160034},"size":1570.08203125,"orthographic":false}