{"cameraMode":{"drawMode":0,"name":"Shaded","section":"Shading Mode"},"sceneLighting":false,"audioPlay":false,"sceneViewState":{"showFog":true,"showMaterialUpdate":false,"showSkybox":false,"showFlares":true,"showImageEffects":true,"showParticleSystems":true},"in2DMode":false,"pivot":{"x":0.050049006938934329,"y":1.2823704481124879,"z":0.13745754957199098},"rotation":{"x":-0.19659146666526795,"y":0.3631797432899475,"z":-0.0786847397685051,"w":-0.9073466658592224},"size":5.307248115539551,"orthographic":false}